participant,AREA_1,AREA_2,AREA_3,AREA_4,AREA_5,AREA_6,AREA_7,AREA_8,AREA_9,AREA_10,AREA_11,AREA_12,AREA_13,AREA_14,BMRQ_1,BMRQ_2,BMRQ_3,BMRQ_4,BMRQ_5,BMRQ_6,BMRQ_7,BMRQ_8,BMRQ_9,BMRQ_10,BMRQ_11,BMRQ_12,BMRQ_13,BMRQ_14,BMRQ_15,BMRQ_16,BMRQ_17,BMRQ_18,BMRQ_19,BMRQ_20,Sex,Age,Ed,Race,YrsMusic,YrsArt,avgRes_linear_preOne,avgRmse_linear_preOne,avgRes_linear_modality_preOne,avgRmse_linear_modality_preOne,avgRes_highAtt_preOne,avgRmse_highAtt_preOne,avgRmse_accurate_preOne,avgRmse_averaging_preOne,avgRes_linear_postOne,avgRmse_linear_postOne,avgRes_linear_modality_postOne,avgRmse_linear_modality_postOne,avgRes_highAtt_postOne,avgRmse_highAtt_postOne,avgRmse_accurate_postOne,avgRmse_averaging_postOne,avgRMSE_averaging_preBoth,avgRMSE_linear_modality_preBoth,avgRMSE_compress_preBoth,avgRMSE_extreme_preBoth,avgRes_imageWeight_linear_preBoth,avgRes_a_compress_preBoth,avgRes_b_compress_preBoth,avgRes_a_extreme_preBoth,avgRes_b_extreme_preBoth,avgRMSE_averaging_postBoth,avgRMSE_linear_modality_postBoth,avgRMSE_compress_postBoth,avgRMSE_extreme_postBoth,avgRes_imageWeight_linear_postBoth,avgRes_a_compress_postBoth,avgRes_b_compress_postBoth,avgRes_a_extreme_postBoth,avgRes_b_extreme_postBoth
5001.0,5.0,1.0,5.0,5.0,1.0,5.0,5.0,5.0,3.0,1.0,5.0,3.0,5.0,5.0,5.0,5.0,4.0,5.0,5.0,5.0,5.0,5.0,5.0,5.0,2.0,5.0,3.0,4.0,3.0,5.0,1.0,4.0,5.0,5.0,Female,19.0,14.0,Yellow,6.0,2.0,0.8483015765501756,1.9763134914945617,[0.85597185 0.84073616],1.9755303354362144,5.745417936780926,1.9792959060415467,1.5555555555555556,2.0,0.8234791295902979,1.9953436464258656,[0.9552926  0.69173784],1.9455244651457404,5.265223956397196,1.9419708337349584,1.6666666666666667,1.9166666666666667,1.75,1.8590774721898773,1.8791632108684688,1.904199110538762,0.7706722263683768,,,,,1.6388888888888888,1.9427319149471671,1.2561520001824755,1.1780067320780825,0.5967061433767605,,,,
5002.0,4.0,1.0,4.0,5.0,1.0,5.0,4.0,5.0,5.0,3.0,4.0,3.0,3.0,4.0,4.0,4.0,5.0,5.0,5.0,5.0,4.0,4.0,5.0,4.0,2.0,3.0,1.0,2.0,4.0,2.0,1.0,2.0,3.0,4.0,Female,18.0,13.0,Yellow,3.0,0.0,0.8181805881369454,0.8854233404683403,[1.         0.36363612],0.8250407960161518,5.9984007633928975,0.8783396158902367,0.5833333333333334,0.6944444444444444,0.8181808056426433,0.8697266665755794,[1.         0.36363603],0.8083220114043184,6.638331136903902,0.8778033595975288,0.6111111111111112,0.6944444444444444,1.0833333333333333,1.3923750210248331,1.2541141510967553,1.402844437087219,0.9833322075991079,,,,,0.8055555555555556,0.9420093108343368,0.8935154483440905,1.070995109582134,1.0,,,,
5003.0,4.0,1.0,4.0,2.0,2.0,5.0,5.0,4.0,3.0,1.0,4.0,4.0,4.0,5.0,5.0,4.0,4.0,2.0,4.0,4.0,4.0,5.0,4.0,5.0,2.0,2.0,1.0,1.0,3.0,4.0,3.0,4.0,2.0,4.0,Female,20.0,14.0,Yellow,14.0,9.0,0.7167218209951404,2.2907010135477384,[0.84214615 0.59130658],2.227056722959364,5.874016794517393,2.4546951921468465,1.9166666666666667,2.055555555555556,0.8142858262317028,1.9114023292243003,[0.90620427 0.72126198],1.8692586704132788,6.572914120403914,1.9702440768834308,1.5,1.9722222222222223,1.5277777777777777,2.032097338763299,1.9874278111958892,2.0930182980135736,0.634657791380569,,,,,1.5833333333333333,1.8377715993378072,1.9836910491556656,2.0132729816550143,0.6966676897602065,,,,
5004.0,5.0,1.0,5.0,4.0,1.0,5.0,5.0,5.0,5.0,3.0,3.0,4.0,5.0,5.0,5.0,5.0,2.0,2.0,5.0,4.0,4.0,5.0,5.0,5.0,4.0,5.0,5.0,1.0,4.0,4.0,1.0,5.0,5.0,5.0,Female,17.0,15.0,Yellow,4.0,1.0,0.6315235937264893,1.1827322621023273,[0.67921646 0.58370449],1.1718876606800173,3.6374046327181135,1.4508279501322567,1.3333333333333333,1.0,0.7210325842361333,1.1829770610423849,[0.86848913 0.57352832],1.0816529231532193,3.7690634966640437,1.163906994055214,1.1111111111111112,1.1111111111111112,1.1666666666666667,1.0737481057623377,1.2070579783544535,0.9210372972443216,0.7684687716189963,,,,,0.8333333333333334,0.9311794617957982,0.8661477237282469,0.72734693893895,0.6426502089377302,,,,
5005.0,5.0,2.0,4.0,4.0,2.0,4.0,5.0,5.0,5.0,2.0,3.0,2.0,2.0,4.0,4.0,2.0,1.0,5.0,3.0,4.0,4.0,5.0,5.0,5.0,5.0,3.0,5.0,5.0,3.0,5.0,2.0,5.0,4.0,4.0,Female,19.0,14.0,Yellow,0.0,0.0,0.5208860660437189,2.215724680171164,[0.4027973  0.63910142],2.1898199960728464,4.0899576319138085,2.418474307313536,2.25,1.9166666666666667,0.6319773624168173,2.012814153536947,[0.63186033 0.6321765 ],2.0120385774961616,4.072580005964413,2.0398778824460635,1.8611111111111112,1.7222222222222223,1.6666666666666667,2.1247208837637963,1.6897974859628997,2.06866131999186,0.44387051705131947,,,,,1.9444444444444444,1.9150403492982528,1.8604422297732244,2.1420665024955516,0.1595055330732984,,,,
5006.0,4.0,1.0,3.0,4.0,3.0,3.0,4.0,4.0,4.0,2.0,4.0,3.0,1.0,4.0,5.0,4.0,3.0,3.0,4.0,3.0,3.0,4.0,4.0,4.0,4.0,4.0,1.0,2.0,4.0,4.0,3.0,3.0,3.0,4.0,Female,21.0,17.0,Yellow,15.0,15.0,0.6216708537863228,2.552337373870736,[0.79193044 0.45118678],2.489644299743825,2.3495126592513187,2.4601844524227983,2.2777777777777777,2.083333333333333,0.7409943581112786,2.15903778619784,[0.84386108 0.63827898],2.1314986868512933,5.01209077447797,2.0725383562646056,1.6666666666666667,1.7777777777777777,1.805555555555556,2.2096262526902324,1.6285919872344248,1.7604634101333854,0.6402578997727871,,,,,1.5833333333333333,1.946035415111772,2.0943020091869395,2.087423600073881,0.7671435749286899,,,,
5007.0,4.0,1.0,3.0,4.0,4.0,3.0,4.0,5.0,4.0,2.0,4.0,2.0,4.0,4.0,5.0,3.0,3.0,4.0,2.0,5.0,3.0,3.0,3.0,4.0,1.0,2.0,2.0,2.0,3.0,1.0,2.0,3.0,2.0,4.0,Male,20.0,17.0,Yellow,10.0,0.0,0.6381915981580639,1.902556761421894,[0.67622515 0.60001746],1.8977347818519208,3.9983277702835007,1.955612306835751,1.5833333333333333,1.5,0.7910801609924076,2.204936062378859,[0.74062848 0.8412865 ],2.19892529120266,5.448872141244586,2.208789091965287,1.7222222222222223,1.9444444444444444,1.7222222222222223,2.021052357350536,1.951157177631571,2.023096020442704,0.5577660931744033,,,,,1.5555555555555556,2.1344999300529977,1.8271330100499836,2.1179074923176486,0.5231258263153403,,,,
5008.0,4.0,1.0,5.0,5.0,1.0,5.0,5.0,5.0,5.0,4.0,5.0,5.0,3.0,5.0,5.0,4.0,3.0,5.0,5.0,5.0,3.0,5.0,5.0,5.0,1.0,5.0,1.0,4.0,4.0,5.0,3.0,5.0,5.0,5.0,Female,20.0,15.0,Yellow,4.0,12.0,0.5,,[0.5 0.5],,5.0,,,,0.5,,[0.5 0.5],,5.0,,,,,,,,0.5,,,,,,,,,0.5,,,,
5009.0,4.0,1.0,1.0,4.0,2.0,4.0,4.0,5.0,5.0,2.0,4.0,2.0,1.0,4.0,5.0,4.0,2.0,1.0,4.0,4.0,2.0,4.0,3.0,4.0,2.0,3.0,1.0,1.0,1.0,1.0,2.0,1.0,2.0,4.0,Male,22.0,13.0,Yellow,0.0,0.0,0.7468379912215478,1.2479894044916322,[0.72720016 0.76670973],1.246887699430339,5.365538628636206,1.3182160288561109,0.9444444444444444,1.1666666666666667,0.6753087503469033,0.8616418576778886,[0.84404881 0.50652122],0.7877053436069021,4.4097896485201495,1.0231411972653457,0.75,0.6944444444444444,0.5277777777777778,0.6633864837025459,0.6254921061609926,0.6272810978794546,0.5589308341662305,,,,,0.6388888888888888,0.7087072107245391,0.7077337434490857,0.7134634501538586,0.6232071776278855,,,,
5010.0,5.0,1.0,4.0,4.0,1.0,2.0,5.0,5.0,5.0,4.0,3.0,3.0,2.0,5.0,5.0,5.0,3.0,5.0,5.0,5.0,2.0,4.0,5.0,5.0,2.0,5.0,3.0,2.0,5.0,5.0,4.0,5.0,5.0,5.0,Male,19.0,17.0,Yellow,1.0,0.0,0.7187434507891011,1.5279734540882215,[0.83555781 0.60190356],1.4831679580933013,4.087990832452092,1.5270119241587932,1.2777777777777777,1.4166666666666667,0.8665461872318787,1.752486085642019,[0.99933469 0.70463472],1.6788581241863132,5.0081553885245755,1.651366234652217,1.3055555555555556,1.75,1.6666666666666667,1.8592574756307685,1.7864628468363892,2.0336136810824303,0.7675258360401336,,,,,1.3888888888888888,1.7119525977763952,1.1787376071076927,1.4303042347943309,0.6083491734429489,,,,
5011.0,4.0,1.0,3.0,5.0,2.0,2.0,3.0,4.0,3.0,1.0,3.0,3.0,2.0,3.0,4.0,3.0,1.0,2.0,2.0,4.0,1.0,2.0,2.0,2.0,4.0,2.0,1.0,2.0,2.0,4.0,2.0,1.0,1.0,2.0,Female,20.0,15.0,Yellow,2.0,4.0,0.6625482618186107,1.395758655988558,[0.91182279 0.41457837],1.3526651384489368,5.797151764320161,1.4609288045694198,1.1111111111111112,1.1388888888888888,0.6472921876217936,0.8248768085440509,[0.64947001 0.64585614],0.8245071781734522,3.4871079476732345,0.8471651867725881,0.6388888888888888,0.6388888888888888,0.8333333333333334,0.9919346569833096,0.9088564277351748,0.9050237328842744,0.6502665716250462,,,,,0.5,0.7328532958320694,0.7375465246095536,0.7517665326089896,0.6502647308050135,,,,
5012.0,5.0,1.0,4.0,5.0,1.0,5.0,4.0,5.0,5.0,5.0,4.0,5.0,4.0,5.0,5.0,5.0,5.0,5.0,5.0,5.0,4.0,5.0,5.0,4.0,2.0,5.0,2.0,3.0,5.0,5.0,4.0,5.0,5.0,5.0,Female,20.0,15.0,Yellow,9.0,1.0,0.6825250584199783,1.7062271893463392,[0.97813396 0.38469445],1.3822122021908692,4.189490373538082,1.5332365650086064,1.4444444444444444,1.4166666666666667,0.9361614169949776,1.7733803308090434,[1.         0.81335767],1.730433912039652,6.82086514450659,1.7024171344617758,1.5277777777777777,1.9166666666666667,1.6944444444444444,1.8957808771613132,1.8330420522183788,1.812595390447452,0.7411075105290369,,,,,1.3055555555555556,1.5668853463992667,1.4552317734431552,1.412679139197107,0.6900000235616828,,,,
5013.0,5.0,1.0,5.0,5.0,4.0,5.0,5.0,5.0,5.0,2.0,5.0,4.0,2.0,5.0,5.0,5.0,3.0,4.0,5.0,5.0,3.0,4.0,5.0,4.0,1.0,5.0,1.0,2.0,4.0,4.0,5.0,3.0,5.0,5.0,Male,22.0,15.0,Yellow,0.0,0.0,0.8848724490968448,1.1569329599012659,[0.96636442 0.80348519],1.1278760677370607,6.158505365945442,1.170037392454136,0.75,1.3055555555555556,0.8904725942500471,0.7938689869635112,[0.94388272 0.83712134],0.7755093607686904,6.8816801470371525,0.8710955442620515,0.4722222222222222,1.1944444444444444,1.0,1.158091802145184,1.1396116524569362,1.1459037616524872,0.4661140989521694,,,,,0.7222222222222222,0.9232279954503531,0.6312031772514523,0.9220727676488762,0.33121678888074946,,,,
5014.0,5.0,2.0,5.0,2.0,1.0,4.0,2.0,5.0,3.0,4.0,5.0,5.0,2.0,3.0,5.0,5.0,4.0,5.0,5.0,5.0,4.0,5.0,5.0,5.0,1.0,4.0,2.0,2.0,3.0,4.0,2.0,5.0,5.0,5.0,Female,20.0,14.0,Yellow,9.0,2.0,0.3749585673679641,1.4508975754096465,[0.10592639 0.64387417],1.2547340915696257,3.0017855926329937,1.8879972804029268,1.75,1.2222222222222223,0.5529665882852829,1.3035933252504217,[0.45468132 0.65109996],1.2755709212711528,4.316359623303441,1.6397261633553264,1.3888888888888888,1.0833333333333333,1.2777777777777777,1.3661184901578614,1.4864208057265005,1.5074058303268738,0.25022571648275804,,,,,1.3333333333333333,1.66687441999883,1.7414400569907815,1.749666565161276,0.2428652941235515,,,,
5016.0,5.0,1.0,5.0,5.0,1.0,5.0,5.0,5.0,5.0,4.0,3.0,3.0,5.0,5.0,5.0,5.0,5.0,5.0,5.0,5.0,5.0,5.0,5.0,5.0,1.0,5.0,2.0,3.0,3.0,5.0,1.0,4.0,5.0,5.0,Female,18.0,14.0,Yellow,14.0,6.0,0.37166509891730654,1.542796172126951,[0.20338087 0.53990294],1.4836356612011818,3.001011864625148,1.8253764701885764,1.75,1.2777777777777777,0.4690571882462554,1.5293017888523954,[0.38060386 0.55759142],1.5125221231439856,4.695218424941084,1.875581252530264,1.6666666666666667,1.2777777777777777,1.4166666666666667,1.6622773239405593,1.3906455899092194,1.6612419986264235,0.2829017848666736,,,,,1.6388888888888888,1.8504127743266137,1.6484901637624176,1.8485686330739988,0.4422879754631141,,,,
5017.0,2.0,1.0,3.0,5.0,1.0,3.0,5.0,5.0,5.0,2.0,4.0,5.0,5.0,5.0,5.0,3.0,5.0,1.0,5.0,5.0,5.0,5.0,5.0,5.0,5.0,2.0,5.0,1.0,3.0,5.0,1.0,5.0,5.0,5.0,Female,20.0,14.0,Yellow,5.0,5.0,0.7177757519109336,1.4881724904540607,[0.80676765 0.62868201],1.4574769478747864,4.513999018005056,1.4778369493371126,1.2777777777777777,1.3611111111111112,0.7524505831250237,1.4159019876696544,[0.72756658 0.77728331],1.4130174900012789,5.918103428446678,1.5051280040877422,1.25,1.3333333333333333,2.4444444444444446,2.8570607890985604,2.439177141945839,2.725073461188954,0.4400167592060264,,,,,2.0,2.2833309615788373,2.029075154447303,2.1544591946803817,0.6033590402018008,,,,
5019.0,5.0,1.0,4.0,5.0,1.0,4.0,5.0,5.0,4.0,4.0,3.0,4.0,2.0,4.0,5.0,2.0,1.0,4.0,4.0,4.0,2.0,4.0,4.0,5.0,2.0,4.0,1.0,2.0,3.0,1.0,4.0,5.0,4.0,4.0,Female,21.0,14.0,Yellow,1.0,1.0,0.8620202698232311,1.4479606101161375,[1.         0.66363686],1.3620132041385773,5.829477416484648,1.4227553884114446,1.0555555555555556,1.3611111111111112,0.8879648394793297,1.3016268101637196,[1.         0.67245084],1.1959135191987718,6.15488157679491,1.2722307014331635,1.0555555555555556,1.3055555555555556,1.5555555555555556,1.7564743919030417,1.7387092220346372,1.7926206173837091,0.6375315051344944,,,,,1.3333333333333333,1.6724895981256265,1.6643486041344575,1.672668749462295,0.5609401127929261,,,,
5020.0,5.0,1.0,4.0,5.0,1.0,5.0,5.0,5.0,5.0,4.0,5.0,4.0,5.0,5.0,4.0,4.0,3.0,2.0,5.0,5.0,4.0,4.0,5.0,4.0,1.0,4.0,2.0,3.0,3.0,1.0,1.0,4.0,5.0,5.0,Female,22.0,18.0,Yellow,0.0,0.0,0.6821131443160803,1.4493038683103607,[0.53548044 0.82867875],1.3899670417614676,5.3176209972688655,1.577876081536945,1.3333333333333333,1.25,0.7106467471499281,1.1242723025401218,[0.56397068 0.85715073],1.047157698782912,6.540864115299361,1.3380996240059089,0.9166666666666666,1.0833333333333333,0.9444444444444444,0.9920444361881676,1.1221894797645744,1.127781780472513,0.30753384626676405,,,,,1.2222222222222223,1.471142731645784,1.1309911744699293,1.2425981556011736,0.42876887575415296,,,,
5021.0,5.0,1.0,5.0,3.0,3.0,3.0,5.0,5.0,3.0,1.0,2.0,2.0,1.0,5.0,4.0,2.0,1.0,1.0,4.0,2.0,1.0,2.0,4.0,2.0,1.0,3.0,1.0,1.0,2.0,2.0,1.0,1.0,2.0,2.0,Female,19.0,13.0,Yellow,7.0,2.0,0.43191644427872095,2.4910262127630203,[0.28157296 0.58224015],2.4365378342635124,3.4188191439458198,2.7698681373141225,2.75,2.055555555555556,0.7042673046647471,1.400698940621233,[0.70899869 0.6996431 ],1.3999619757209922,5.435502210262736,1.572804617386217,1.3333333333333333,1.1666666666666667,2.083333333333333,2.448499399993662,1.352974988747701,2.3528806453706093,0.3804067077514695,,,,,1.0833333333333333,1.2683542185388432,1.2336408211350736,1.272652910539618,0.5156943542822625,,,,
5022.0,4.0,1.0,4.0,4.0,1.0,3.0,4.0,3.0,2.0,1.0,3.0,2.0,3.0,3.0,4.0,3.0,4.0,3.0,3.0,4.0,3.0,3.0,4.0,3.0,1.0,3.0,3.0,4.0,5.0,5.0,2.0,4.0,3.0,4.0,Male,19.0,13.0,Yellow,6.0,1.0,0.5,,[0.5 0.5],,5.0,,,,0.5,,[0.5 0.5],,5.0,,,,,,,,0.5,,,,,,,,,0.5,,,,
5023.0,4.0,2.0,4.0,2.0,1.0,2.0,4.0,5.0,5.0,4.0,4.0,5.0,3.0,4.0,5.0,2.0,1.0,2.0,4.0,5.0,1.0,2.0,3.0,1.0,2.0,3.0,1.0,1.0,4.0,2.0,1.0,2.0,2.0,3.0,Female,21.0,15.0,Yellow,0.0,0.5,0.6569244341716137,2.8218792969980715,[0.95863899 0.35283599],2.4758433850832273,3.773688504944253,2.588671368560402,2.583333333333333,2.4444444444444446,0.7885315633645829,2.10051434927686,[0.65287532 0.92422842],2.0109842787157888,6.9992865746795125,2.2696226677542284,1.5833333333333333,2.055555555555556,1.6944444444444444,1.7398478847795338,1.640684310779445,1.7138837516765912,0.7341745667687399,,,,,1.1944444444444444,1.6620725066381548,1.6604614292695816,1.6324074798747037,0.5098040405875509,,,,
5024.0,5.0,5.0,2.0,1.0,5.0,1.0,3.0,5.0,4.0,1.0,5.0,1.0,1.0,5.0,5.0,4.0,1.0,5.0,3.0,5.0,3.0,1.0,4.0,3.0,1.0,3.0,1.0,1.0,1.0,1.0,1.0,1.0,3.0,3.0,Male,19.0,13.0,Yellow,2.0,0.0,0.5992381066860816,3.4727922418454518,[0.86704064 0.33166691],3.263393349076348,3.748233731262213,3.1506773160103694,3.2222222222222223,3.1666666666666665,0.6190265908627248,2.6576623410911893,[0.81324839 0.42492241],2.5143630523956437,4.855792829319609,2.7860319553993538,2.4722222222222223,2.25,2.583333333333333,3.052552769775395,2.2505391592474093,2.6775903194972943,0.6914289149866152,,,,,2.4722222222222223,2.8586153867917994,2.4762748400811185,2.91134016233823,0.6749442068187552,,,,
5025.0,3.0,1.0,5.0,3.0,1.0,5.0,5.0,5.0,5.0,5.0,5.0,4.0,4.0,5.0,5.0,5.0,1.0,1.0,1.0,1.0,4.0,4.0,5.0,4.0,4.0,4.0,4.0,4.0,4.0,2.0,3.0,3.0,4.0,4.0,Male,17.0,10.0,Yellow,0.0,0.0,0.6484748242588418,2.5163312868823358,[0.52104363 0.77587388],2.4854623215826583,3.2198485068203544,2.4527985716556646,2.1944444444444446,2.1111111111111107,0.6152368397164248,2.266246498506624,[0.54568987 0.68497956],2.2554837429731256,4.1067597906849995,2.428271707599285,1.7777777777777777,1.8333333333333333,1.75,1.9667978634297412,1.8823258344860057,1.9270139662650376,0.3581107476458932,,,,,2.0277777777777777,2.3509628514045944,2.441416866836676,2.4405960099281643,0.7217191913327544,,,,
5026.0,5.0,1.0,4.0,5.0,3.0,5.0,5.0,5.0,5.0,4.0,2.0,1.0,5.0,5.0,5.0,5.0,5.0,1.0,5.0,5.0,3.0,5.0,5.0,5.0,1.0,5.0,2.0,1.0,5.0,5.0,3.0,5.0,5.0,5.0,Male,18.0,13.0,Yellow,12.0,0.0,0.8121266386444463,2.388332733146668,[0.4586907 1.       ],2.2102711029678983,7.014698159688259,2.437914366840681,1.8611111111111112,2.083333333333333,0.5376240569690016,3.0855786404658554,[0. 1.],2.5976504807870735,5.835820385326728,3.2949112280546733,2.7222222222222223,2.555555555555556,2.583333333333333,2.7948077626602914,2.8369126918323087,3.024034420099301,0.02701481783229653,,,,,1.805555555555556,2.2354107640442287,2.0424113495889347,2.1704975976613428,0.2910509724132215,,,,
5027.0,5.0,1.0,5.0,5.0,1.0,5.0,5.0,5.0,5.0,5.0,5.0,4.0,5.0,5.0,5.0,5.0,4.0,4.0,5.0,5.0,3.0,4.0,4.0,4.0,1.0,4.0,5.0,1.0,4.0,3.0,2.0,3.0,4.0,4.0,Female,18.0,15.0,Yellow,4.0,0.0,0.8476492137194,1.1541294371326405,[0.82769746 0.86752492],1.1524095760141642,6.072351813836797,1.2048427128684298,0.9722222222222222,1.2222222222222223,0.9338575648696223,1.2533851827794862,[0.79492177 1.        ],1.1963273423589005,6.797833352288428,1.2590073459713635,0.7777777777777778,1.3888888888888888,0.6388888888888888,0.8059174199670218,0.7088042616128899,0.7427960532445881,0.5097915964347575,,,,,0.8055555555555556,0.955947292233732,0.9204366491194566,0.940459315565898,0.4639601929403116,,,,
5028.0,4.0,1.0,5.0,5.0,1.0,5.0,4.0,5.0,5.0,5.0,5.0,5.0,4.0,5.0,5.0,5.0,3.0,4.0,4.0,4.0,5.0,5.0,5.0,5.0,3.0,4.0,2.0,2.0,4.0,4.0,4.0,4.0,4.0,4.0,Female,21.0,15.0,Yellow,4.0,2.0,0.5,,[0.5 0.5],,5.0,,,,0.5,,[0.5 0.5],,5.0,,,,,,,,0.5,,,,,,,,,0.5,,,,
5029.0,5.0,1.0,4.0,3.0,1.0,5.0,5.0,5.0,4.0,5.0,5.0,5.0,5.0,4.0,5.0,4.0,3.0,5.0,4.0,5.0,3.0,5.0,4.0,4.0,1.0,4.0,3.0,2.0,5.0,3.0,4.0,4.0,4.0,4.0,Female,19.0,16.0,Yellow,6.0,0.0,0.6525129227388167,1.3910825589885971,[0.64339048 0.66157538],1.3902989249351068,6.541906434343972,1.4820963856511356,1.1666666666666667,1.1388888888888888,0.5933400496183654,1.3980345105763772,[0.44025041 0.74616777],1.3692658437258294,7.0163811809234105,1.5618959747892767,1.2222222222222223,1.1388888888888888,1.5833333333333333,2.0130012925088763,1.6153090901368845,1.647291544990375,0.6600683420233465,,,,,1.4166666666666667,1.7169932218518018,1.4044406731963408,1.4611310150182275,0.5921725619655361,,,,
5030.0,5.0,1.0,5.0,4.0,1.0,4.0,5.0,5.0,5.0,3.0,4.0,5.0,4.0,5.0,5.0,3.0,2.0,2.0,4.0,5.0,1.0,4.0,5.0,4.0,2.0,4.0,1.0,4.0,5.0,5.0,3.0,4.0,4.0,5.0,Male,20.0,14.0,Yellow,2.0,1.0,0.4683412781104678,2.19531057334266,[0.74078558 0.19586498],2.041256749940715,2.3625578111170835,2.269935174736593,2.1388888888888893,1.805555555555556,0.4144935043760565,2.1634953717233856,[0.51913777 0.30968779],2.1401977063600173,5.215822900089642,2.6510835510745285,2.1944444444444446,1.805555555555556,1.2777777777777777,1.6803625493738248,1.587108906829656,1.6522587148173205,0.5960379598446088,,,,,1.5555555555555556,1.8938204883101024,1.4761974041850192,1.670507837151922,0.5641313522661672,,,,
5031.0,4.0,1.0,5.0,5.0,2.0,5.0,5.0,5.0,5.0,3.0,5.0,5.0,5.0,5.0,5.0,5.0,2.0,5.0,5.0,5.0,5.0,5.0,5.0,5.0,5.0,5.0,5.0,5.0,5.0,5.0,5.0,5.0,5.0,5.0,Female,20.0,11.0,Yellow,4.0,4.0,0.4726386467464592,2.1382399718154383,[0.66330726 0.28188619],2.075877322065597,5.577388668855294,2.458944198860881,1.8888888888888888,1.75,0.652284183992671,2.5912904120565687,[0.85823626 0.44625138],2.5311744062504773,6.175571843220818,2.720831445501461,2.1944444444444446,2.055555555555556,1.9444444444444444,2.3154688521544915,2.0205839672829917,2.3297943624135216,0.5927083611642322,,,,,2.0,2.475084654277756,2.318667890783084,2.3978796537386806,0.5874949550767536,,,,
5032.0,4.0,2.0,4.0,4.0,1.0,3.0,4.0,4.0,4.0,4.0,3.0,2.0,3.0,5.0,5.0,5.0,3.0,4.0,4.0,4.0,4.0,5.0,4.0,5.0,5.0,5.0,3.0,3.0,3.0,4.0,5.0,5.0,4.0,4.0,Female,19.0,15.0,Yellow,3.0,1.0,0.5737843014480617,1.239953296499043,[0.57331295 0.57336441],1.2393421156600968,2.85243528430466,1.3233983482272351,1.1944444444444444,1.0555555555555556,0.7962283882705835,0.9203573618247928,[0.75913776 0.83317572],0.9178656732240432,4.965034366555947,0.9584887214104252,0.8055555555555556,0.8611111111111112,0.8333333333333334,1.0858799384421225,0.9866040190944756,1.0542886988160658,0.5554893600202847,,,,,0.7777777777777778,0.7722614656807762,0.8786359935823281,0.8989641064200765,0.7970093767792731,,,,
5033.0,5.0,1.0,5.0,5.0,1.0,4.0,5.0,5.0,5.0,5.0,4.0,5.0,5.0,5.0,5.0,4.0,4.0,5.0,5.0,5.0,4.0,5.0,5.0,5.0,2.0,5.0,4.0,5.0,5.0,3.0,3.0,4.0,5.0,5.0,Female,18.0,12.0,Yellow,1.0,1.0,0.7555445682770184,1.722022671671286,[0.82600606 0.68537707],1.6985130728368427,7.233191629535308,1.9202416659906083,1.3333333333333333,1.5,0.8495572888742441,1.4848985174701972,[0.8694617  0.82943717],1.4822155124455665,7.7777087630045925,1.5945513498075614,1.0555555555555556,1.6388888888888888,0.7777777777777778,1.1745522601548084,1.1598861896522443,1.2181779098042882,0.4163441548631429,,,,,1.5,1.7855161140879412,1.7534251626059836,1.7426203252893808,0.4674986436766646,,,,
5034.0,4.0,5.0,4.0,1.0,1.0,1.0,1.0,1.0,4.0,1.0,1.0,1.0,1.0,3.0,4.0,3.0,1.0,1.0,3.0,5.0,3.0,5.0,3.0,5.0,1.0,3.0,1.0,2.0,3.0,2.0,1.0,4.0,5.0,4.0,Female,20.0,14.0,Yellow,0.0,0.0,0.3437312284486924,25.84305428687405,[0. 1.],24.798190302604247,9.0,25.95390964770363,21.75,21.805555555555557,1.0,25.426838552569127,[0. 1.],24.82118055488386,9.0,25.426838552569127,20.777777777777782,21.11111111111111,18.777777777777782,23.177722509075462,17.960811712342274,16.199754321037158,0.0,,,,,20.777777777777782,23.64257773058296,17.465928399398212,15.179653225813212,0.0,,,,
,,,,,,,,,,,,,,,,,,,,,,,,,,,,,,,,,,,,,,,,,,,,,,,,,,,,,,,,,,,,,,,,,,,,,,,,,,
,,,,,,,,,,,,,,,,,,,,,,,,,,,,,,,,,,,,,,,,,,,,,,,,,,,,,,,,,,,,,,,,,,,,,,,,,,
,,,,,,,,,,,,,,,,,,,,,,,,,,,,,,,,,,,,,,,,,,,,,,,,,,,,,,,,,,,,,,,,,,,,,,,,,,
,,,,,,,,,,,,,,,,,,,,,,,,,,,,,,,,,,,,,,,,,,,,,,,,,,,,,,,,,,,,,,,,,,,,,,,,,,
,,,,,,,,,,,,,,,,,,,,,,,,,,,,,,,,,,,,,,,,,,,,,,,,,,,,,,,,,,,,,,,,,,,,,,,,,,
,,,,,,,,,,,,,,,,,,,,,,,,,,,,,,,,,,,,,,,,,,,,,,,,,,,,,,,,,,,,,,,,,,,,,,,,,,
,,,,,,,,,,,,,,,,,,,,,,,,,,,,,,,,,,,,,,,,,,,,,,,,,,,,,,,,,,,,,,,,,,,,,,,,,,
,,,,,,,,,,,,,,,,,,,,,,,,,,,,,,,,,,,,,,,,,,,,,,,,,,,,,,,,,,,,,,,,,,,,,,,,,,
,,,,,,,,,,,,,,,,,,,,,,,,,,,,,,,,,,,,,,,,,,,,,,,,,,,,,,,,,,,,,,,,,,,,,,,,,,
,,,,,,,,,,,,,,,,,,,,,,,,,,,,,,,,,,,,,,,,,,,,,,,,,,,,,,,,,,,,,,,,,,,,,,,,,,
,,,,,,,,,,,,,,,,,,,,,,,,,,,,,,,,,,,,,,,,,,,,,,,,,,,,,,,,,,,,,,,,,,,,,,,,,,
,,,,,,,,,,,,,,,,,,,,,,,,,,,,,,,,,,,,,,,,,,,,,,,,,,,,,,,,,,,,,,,,,,,,,,,,,,
,,,,,,,,,,,,,,,,,,,,,,,,,,,,,,,,,,,,,,,,,,,,,,,,,,,,,,,,,,,,,,,,,,,,,,,,,,
,,,,,,,,,,,,,,,,,,,,,,,,,,,,,,,,,,,,,,,,,,,,,,,,,,,,,,,,,,,,,,,,,,,,,,,,,,
,,,,,,,,,,,,,,,,,,,,,,,,,,,,,,,,,,,,,,,,,,,,,,,,,,,,,,,,,,,,,,,,,,,,,,,,,,
,,,,,,,,,,,,,,,,,,,,,,,,,,,,,,,,,,,,,,,,,,,,,,,,,,,,,,,,,,,,,,,,,,,,,,,,,,
,,,,,,,,,,,,,,,,,,,,,,,,,,,,,,,,,,,,,,,,,,,,,,,,,,,,,,,,,,,,,,,,,,,,,,,,,,
,,,,,,,,,,,,,,,,,,,,,,,,,,,,,,,,,,,,,,,,,,,,,,,,,,,,,,,,,,,,,,,,,,,,,,,,,,
,,,,,,,,,,,,,,,,,,,,,,,,,,,,,,,,,,,,,,,,,,,,,,,,,,,,,,,,,,,,,,,,,,,,,,,,,,
,,,,,,,,,,,,,,,,,,,,,,,,,,,,,,,,,,,,,,,,,,,,,,,,,,,,,,,,,,,,,,,,,,,,,,,,,,
,,,,,,,,,,,,,,,,,,,,,,,,,,,,,,,,,,,,,,,,,,,,,,,,,,,,,,,,,,,,,,,,,,,,,,,,,,
,,,,,,,,,,,,,,,,,,,,,,,,,,,,,,,,,,,,,,,,,,,,,,,,,,,,,,,,,,,,,,,,,,,,,,,,,,
,,,,,,,,,,,,,,,,,,,,,,,,,,,,,,,,,,,,,,,,,,,,,,,,,,,,,,,,,,,,,,,,,,,,,,,,,,
,,,,,,,,,,,,,,,,,,,,,,,,,,,,,,,,,,,,,,,,,,,,,,,,,,,,,,,,,,,,,,,,,,,,,,,,,,
,,,,,,,,,,,,,,,,,,,,,,,,,,,,,,,,,,,,,,,,,,,,,,,,,,,,,,,,,,,,,,,,,,,,,,,,,,
,,,,,,,,,,,,,,,,,,,,,,,,,,,,,,,,,,,,,,,,,,,,,,,,,,,,,,,,,,,,,,,,,,,,,,,,,,
,,,,,,,,,,,,,,,,,,,,,,,,,,,,,,,,,,,,,,,,,,,,,,,,,,,,,,,,,,,,,,,,,,,,,,,,,,
,,,,,,,,,,,,,,,,,,,,,,,,,,,,,,,,,,,,,,,,,,,,,,,,,,,,,,,,,,,,,,,,,,,,,,,,,,
,,,,,,,,,,,,,,,,,,,,,,,,,,,,,,,,,,,,,,,,,,,,,,,,,,,,,,,,,,,,,,,,,,,,,,,,,,
,,,,,,,,,,,,,,,,,,,,,,,,,,,,,,,,,,,,,,,,,,,,,,,,,,,,,,,,,,,,,,,,,,,,,,,,,,
,,,,,,,,,,,,,,,,,,,,,,,,,,,,,,,,,,,,,,,,,,,,,,,,,,,,,,,,,,,,,,,,,,,,,,,,,,
,,,,,,,,,,,,,,,,,,,,,,,,,,,,,,,,,,,,,,,,,,,,,,,,,,,,,,,,,,,,,,,,,,,,,,,,,,
,,,,,,,,,,,,,,,,,,,,,,,,,,,,,,,,,,,,,,,,,,,,,,,,,,,,,,,,,,,,,,,,,,,,,,,,,,
,,,,,,,,,,,,,,,,,,,,,,,,,,,,,,,,,,,,,,,,,,,,,,,,,,,,,,,,,,,,,,,,,,,,,,,,,,
,,,,,,,,,,,,,,,,,,,,,,,,,,,,,,,,,,,,,,,,,,,,,,,,,,,,,,,,,,,,,,,,,,,,,,,,,,
,,,,,,,,,,,,,,,,,,,,,,,,,,,,,,,,,,,,,,,,,,,,,,,,,,,,,,,,,,,,,,,,,,,,,,,,,,
,,,,,,,,,,,,,,,,,,,,,,,,,,,,,,,,,,,,,,,,,,,,,,,,,,,,,,,,,,,,,,,,,,,,,,,,,,
,,,,,,,,,,,,,,,,,,,,,,,,,,,,,,,,,,,,,,,,,,,,,,,,,,,,,,,,,,,,,,,,,,,,,,,,,,
,,,,,,,,,,,,,,,,,,,,,,,,,,,,,,,,,,,,,,,,,,,,,,,,,,,,,,,,,,,,,,,,,,,,,,,,,,
,,,,,,,,,,,,,,,,,,,,,,,,,,,,,,,,,,,,,,,,,,,,,,,,,,,,,,,,,,,,,,,,,,,,,,,,,,
